,serieA,serieB
2016,19532.672896662876,254412.9724738803
2017,20399.233441340424,263195.51288233144
2018,21045.041799311904,273553.66622214223
2019,21038.98193536311,284762.0036656778
2020,22764.31177106976,295489.8022679777
2021,23976.284560828568,305265.7643193682
2022,22440.541897234194,330339.2645305796
